{
  "cold_init_ms": {
    "min": 131.8637499352917,
    "median": 145.70310449926183,
    "mean": 151.97333351243287,
    "max": 178.58441697899252,
    "n": 10,
    "stdev": 16.80273497265825
  },
  "exec_latency_us": {
    "mean_us": 40.20270274486393,
    "median_us": 36.83404065668583,
    "stdev_us": 12.673050422353892,
    "min_us": 29.082992114126682,
    "max_us": 180.45806791633368,
    "n": 2000,
    "ops": 24873.94955374622
  },
  "batch_us": {
    "mean_us": 3157.229943899438,
    "median_us": 2746.29145860672,
    "n": 100,
    "ops": 316.7333446625424
  },
  "output_drain_us": {
    "mean_us": 0.417556322645396,
    "median_us": 0.333995558321476,
    "n": 2000
  },
  "meta": {
    "timestamp": "20260519_044834",
    "commit": "70f55e3",
    "machine": "arm64 (Darwin 25.3.0)",
    "python": "3.14.5 (main, May 10 2026, 19:20:57) [Clang 22.1.3 ]",
    "stata_root": "/Applications/StataNow",
    "edition": "se"
  }
}