{
  "timestamp": "20260514_092921",
  "results": {
    "fast_echo": {
      "mean": 0.002349,
      "median": 0.002292,
      "stdev": 0.000427,
      "min": 0.002125045284628868,
      "max": 0.051332986913621426,
      "rounds": 201619.0,
      "ops": 425646.2
    },
    "fast_multiline": {
      "mean": 3.198713,
      "median": 3.1655,
      "stdev": 0.094169,
      "min": 3.1182910315692425,
      "max": 4.052000003866851,
      "rounds": 313.0,
      "ops": 312.6
    },
    "fast_run": {
      "mean": 0.002091,
      "median": 0.002042,
      "stdev": 0.000359,
      "min": 0.0019160215742886066,
      "max": 0.05062500713393092,
      "rounds": 225618.0,
      "ops": 478218.2
    },
    "fast_run_nocapture": {
      "mean": 0.001621,
      "median": 0.001584,
      "stdev": 0.000268,
      "min": 0.0014579854905605316,
      "max": 0.052499992307275534,
      "rounds": 287185.0,
      "ops": 617059.8
    },
    "fast_run_quietly": {
      "mean": 0.00201,
      "median": 0.002,
      "stdev": 0.000362,
      "min": 0.0018329592421650887,
      "max": 0.05512498319149017,
      "rounds": 234258.0,
      "ops": 497424.1
    },
    "pystata_direct_sdk": {
      "mean": 0.001583,
      "median": 0.001583,
      "stdev": 0.000244,
      "min": 0.001416949089616537,
      "max": 0.06029201904311776,
      "rounds": 290785.0,
      "ops": 631647.0
    },
    "pystata_echo": {
      "mean": 40.144109,
      "median": 40.163,
      "stdev": 3.875301,
      "min": 33.60095800599083,
      "max": 45.40162498597056,
      "rounds": 13.0,
      "ops": 24.9
    },
    "pystata_multiline": {
      "mean": 41.233692,
      "median": 41.298708,
      "stdev": 3.518159,
      "min": 34.624999971129,
      "max": 45.87512504076585,
      "rounds": 25.0,
      "ops": 24.3
    },
    "pystata_run": {
      "mean": 40.640939,
      "median": 41.393875,
      "stdev": 3.377103,
      "min": 35.25275003630668,
      "max": 45.37712503224611,
      "rounds": 13.0,
      "ops": 24.6
    }
  },
  "machine": "arm64"
}