{
  "timestamp": "20260514_092231",
  "results": {
    "fast_echo": {
      "mean": 0.002489,
      "median": 0.002459,
      "stdev": 0.000329,
      "min": 0.002207991201430559,
      "max": 0.05208299262449145,
      "rounds": 191240.0,
      "ops": 401828.0
    },
    "fast_run": {
      "mean": 0.002061,
      "median": 0.002041,
      "stdev": 0.0003,
      "min": 0.0018749851733446121,
      "max": 0.046042026951909065,
      "rounds": 229121.0,
      "ops": 485150.2
    },
    "fast_run_nocapture": {
      "mean": 0.001622,
      "median": 0.001584,
      "stdev": 0.00026,
      "min": 0.0014579854905605316,
      "max": 0.027333036996424198,
      "rounds": 286589.0,
      "ops": 616617.5
    },
    "fast_run_quietly": {
      "mean": 0.002045,
      "median": 0.002,
      "stdev": 0.000308,
      "min": 0.0018749851733446121,
      "max": 0.048874993808567524,
      "rounds": 230045.0,
      "ops": 488890.3
    },
    "pystata_direct_sdk": {
      "mean": 0.001596,
      "median": 0.001583,
      "stdev": 0.000253,
      "min": 0.0014170072972774506,
      "max": 0.032999960239976645,
      "rounds": 287304.0,
      "ops": 626415.2
    },
    "pystata_echo": {
      "mean": 43.388809,
      "median": 45.185625,
      "stdev": 3.332094,
      "min": 35.139459010679275,
      "max": 45.52558303112164,
      "rounds": 12.0,
      "ops": 23.0
    },
    "pystata_run": {
      "mean": 43.270035,
      "median": 44.837542,
      "stdev": 2.704073,
      "min": 38.304165995214134,
      "max": 45.14316702261567,
      "rounds": 12.0,
      "ops": 23.1
    }
  },
  "machine": "arm64"
}