{
  "timestamp": "20260514_092529",
  "results": {
    "fast_echo": {
      "mean": 0.002356,
      "median": 0.002333,
      "stdev": 0.000417,
      "min": 0.0021659652702510357,
      "max": 0.06779195973649621,
      "rounds": 201409.0,
      "ops": 424481.9
    },
    "fast_multiline": {
      "mean": 3.206749,
      "median": 3.181874,
      "stdev": 0.073969,
      "min": 3.1267079757526517,
      "max": 3.4515419974923134,
      "rounds": 312.0,
      "ops": 311.8
    },
    "fast_run": {
      "mean": 0.002137,
      "median": 0.002125,
      "stdev": 0.000377,
      "min": 0.0019159633666276932,
      "max": 0.07937499321997166,
      "rounds": 220930.0,
      "ops": 467856.8
    },
    "fast_run_nocapture": {
      "mean": 0.001637,
      "median": 0.001625,
      "stdev": 0.000362,
      "min": 0.0014579854905605316,
      "max": 0.049916969146579504,
      "rounds": 284082.0,
      "ops": 610924.1
    },
    "fast_run_quietly": {
      "mean": 0.002017,
      "median": 0.002,
      "stdev": 0.000367,
      "min": 0.0018329592421650887,
      "max": 0.04591699689626694,
      "rounds": 233573.0,
      "ops": 495771.1
    },
    "pystata_direct_sdk": {
      "mean": 0.001594,
      "median": 0.001583,
      "stdev": 0.000272,
      "min": 0.001416949089616537,
      "max": 0.025499961338937283,
      "rounds": 289831.0,
      "ops": 627284.0
    },
    "pystata_echo": {
      "mean": 41.771455,
      "median": 40.499729,
      "stdev": 2.961956,
      "min": 37.21525002038106,
      "max": 45.397541020065546,
      "rounds": 12.0,
      "ops": 23.9
    },
    "pystata_multiline": {
      "mean": 41.900068,
      "median": 41.894812,
      "stdev": 4.150426,
      "min": 34.19258398935199,
      "max": 50.853791006375104,
      "rounds": 24.0,
      "ops": 23.9
    },
    "pystata_run": {
      "mean": 40.373029,
      "median": 39.972583,
      "stdev": 3.484618,
      "min": 33.76141702756286,
      "max": 45.33112503122538,
      "rounds": 13.0,
      "ops": 24.8
    }
  },
  "machine": "arm64"
}