{
  "meta": {
    "timestamp": "20260519_193206",
    "git_commit": "229706e",
    "dataset": "/Users/tom/projects/pystata-x/benchmarks/data/benchmark_50000obs_25vars.dta",
    "n_warmup": 3,
    "n_measured": 10
  },
  "cold_start": {
    "native_stata_cli_ms": {
      "n": 10,
      "mean_ms": 52.19199160019343,
      "median_ms": 54.7938339987013,
      "min_ms": 32.55212499789195,
      "max_ms": 86.22170799935702,
      "p10_ms": 36.68929200284765,
      "p90_ms": 86.22170799935702,
      "std_ms": 16.311856393073448
    },
    "pystata_x_cold_start_ms": {
      "n": 10,
      "mean_ms": 78.56658739983686,
      "median_ms": 77.92545800111839,
      "min_ms": 69.76566699813702,
      "max_ms": 99.99475000222446,
      "p10_ms": 70.22066699937568,
      "p90_ms": 99.99475000222446,
      "std_ms": 9.163319708504913
    },
    "import_pystata_x_ms": {
      "n": 10,
      "mean_ms": 13.0154834001587,
      "median_ms": 12.891208003566135,
      "min_ms": 12.386375001369743,
      "max_ms": 13.693791999685345,
      "p10_ms": 12.557541998830857,
      "p90_ms": 13.693791999685345,
      "std_ms": 0.4716361775838836
    },
    "official_sfi_cold_start_ms": {
      "n": 10,
      "mean_ms": 394.6914874999493,
      "median_ms": 400.80166600091616,
      "min_ms": 372.5978330003272,
      "max_ms": 422.0447500010778,
      "p10_ms": 377.37358400045196,
      "p90_ms": 422.0447500010778,
      "std_ms": 16.520330040504376
    }
  }
}