{
  "meta": {
    "timestamp": "20260519_192253",
    "git_commit": "229706e",
    "dataset": "/Users/tom/projects/pystata-x/benchmarks/data/benchmark_50000obs_25vars.dta",
    "n_warmup": 3,
    "n_measured": 10
  },
  "cold_start": {
    "native_stata_cli_ms": {
      "n": 10,
      "mean_ms": 43.2727376006369,
      "median_ms": 42.93424999923445,
      "min_ms": 30.472292000922607,
      "max_ms": 60.19599999854108,
      "p10_ms": 30.59358400059864,
      "p90_ms": 60.19599999854108,
      "std_ms": 10.029302504411149
    },
    "pystata_x_cold_start_ms": {
      "n": 10,
      "mean_ms": 75.89157479960704,
      "median_ms": 75.12425000095391,
      "min_ms": 68.00179199854028,
      "max_ms": 84.09604099870194,
      "p10_ms": 69.70954099961091,
      "p90_ms": 84.09604099870194,
      "std_ms": 5.325680602941521
    },
    "import_pystata_x_ms": {
      "n": 10,
      "mean_ms": 48.15183349965082,
      "median_ms": 48.02666700197733,
      "min_ms": 47.14649999732501,
      "max_ms": 49.894415999006014,
      "p10_ms": 47.544166998704895,
      "p90_ms": 49.894415999006014,
      "std_ms": 0.7415680984136928
    },
    "official_sfi_cold_start_ms": {
      "n": 10,
      "mean_ms": 379.1528125995683,
      "median_ms": 377.17274999886286,
      "min_ms": 370.60541699975147,
      "max_ms": 391.35225000063656,
      "p10_ms": 371.6505000011239,
      "p90_ms": 391.35225000063656,
      "std_ms": 7.5220792054482
    }
  }
}