{
  "timestamp": "20260514_094156",
  "results": {
    "fast_echo": {
      "mean": 0.002349,
      "median": 0.002292,
      "stdev": 0.000368,
      "min": 0.0021669548004865646,
      "max": 0.030041032005101442,
      "rounds": 201802.0,
      "ops": 425781.1
    },
    "fast_multiline": {
      "mean": 3.237329,
      "median": 3.212667,
      "stdev": 0.097558,
      "min": 3.1228750012815,
      "max": 3.754290984943509,
      "rounds": 309.0,
      "ops": 308.9
    },
    "fast_run": {
      "mean": 0.0021,
      "median": 0.002083,
      "stdev": 0.000351,
      "min": 0.0019159633666276932,
      "max": 0.053541967645287514,
      "rounds": 224638.0,
      "ops": 476233.1
    },
    "fast_run_nocapture": {
      "mean": 0.001612,
      "median": 0.001583,
      "stdev": 0.000269,
      "min": 0.0014170072972774506,
      "max": 0.03779103280976415,
      "rounds": 287471.0,
      "ops": 620499.0
    },
    "fast_run_quietly": {
      "mean": 0.002028,
      "median": 0.001959,
      "stdev": 0.000563,
      "min": 0.0018329592421650887,
      "max": 0.10245898738503456,
      "rounds": 232068.0,
      "ops": 493142.2
    },
    "pystata_direct_sdk": {
      "mean": 0.00155,
      "median": 0.001542,
      "stdev": 0.000267,
      "min": 0.001374981366097927,
      "max": 0.051458016969263554,
      "rounds": 296652.0,
      "ops": 644985.2
    },
    "pystata_echo": {
      "mean": 40.674676,
      "median": 40.236833,
      "stdev": 3.982942,
      "min": 33.10416697058827,
      "max": 45.405875018332154,
      "rounds": 13.0,
      "ops": 24.6
    },
    "pystata_multiline": {
      "mean": 41.859747,
      "median": 41.050979,
      "stdev": 2.822548,
      "min": 37.371582991909236,
      "max": 45.82270799437538,
      "rounds": 24.0,
      "ops": 23.9
    },
    "pystata_run": {
      "mean": 40.625798,
      "median": 40.483291,
      "stdev": 3.319413,
      "min": 33.07700000004843,
      "max": 44.93116697994992,
      "rounds": 13.0,
      "ops": 24.6
    }
  },
  "machine": "arm64"
}