{
  "meta": {
    "timestamp": "20260519_192225",
    "git_commit": "229706e",
    "dataset": "/Users/tom/projects/pystata-x/benchmarks/data/benchmark_50000obs_25vars.dta",
    "n_warmup": 3,
    "n_measured": 10
  },
  "cold_start": {
    "native_stata_cli_ms": {
      "n": 10,
      "mean_us": 45841287.39988955,
      "median_us": 42697083.00125785,
      "min_us": 31678250.001277775,
      "max_us": 59757209.00096349,
      "p10_us": 32886124.998185553,
      "p90_us": 59757209.00096349,
      "std_us": 11491552.898987923
    },
    "pystata_x_cold_start_ms": {
      "n": 10,
      "mean_us": 78440075.10066149,
      "median_us": 78869666.99879849,
      "min_us": 69909959.0019614,
      "max_us": 92418084.0011104,
      "p10_us": 72894791.99971539,
      "p90_us": 92418084.0011104,
      "std_us": 6595606.087765008
    },
    "import_pystata_x_ms": {
      "n": 10,
      "mean_us": 47882974.89940305,
      "median_us": 48082040.99754221,
      "min_us": 47066208.00061501,
      "max_us": 48716041.9979773,
      "p10_us": 47170541.99863924,
      "p90_us": 48716041.9979773,
      "std_us": 582694.3752023756
    },
    "official_sfi_cold_start_ms": {
      "n": 10,
      "mean_us": 388467012.60008556,
      "median_us": 393881957.99983805,
      "min_us": 361911582.99698144,
      "max_us": 411785750.0023092,
      "p10_us": 368535959.00174695,
      "p90_us": 411785750.0023092,
      "std_us": 17155754.185164947
    }
  }
}