{
  "timestamp": "20260519_041939",
  "commit": "70f55e3",
  "total_subprocess_ms": {
    "min": 88.80570798646659,
    "median": 112.45791695546359,
    "mean": 112.11589608574286,
    "max": 137.5249590491876,
    "stdev": 12.48684107522159,
    "n": 10
  },
  "phases": {
    "stdlib_imports": {
      "mean_ms": 1.9637415767647326,
      "median_ms": 1.9538744818419218
    },
    "import__config": {
      "mean_ms": 0.3894665162079036,
      "median_ms": 0.3886249614879489
    },
    "find_lib": {
      "mean_ms": 0.016354431863874197,
      "median_ms": 0.01585454447194934
    },
    "load_library": {
      "mean_ms": 9.529291780199856,
      "median_ms": 9.37179202446714
    },
    "init_stata_main": {
      "mean_ms": 77.49071668367833,
      "median_ms": 74.18031245470047
    },
    "get_output": {
      "mean_ms": 0.013920909259468317,
      "median_ms": 0.012999982573091984
    },
    "sfi_version_query": {
      "mean_ms": 0.022421102039515972,
      "median_ms": 0.02220849273726344
    }
  },
  "machine": "arm64",
  "python": "3.14.5 (main, May 10 2026, 19:20:57) [Clang 22.1.3 ]"
}