{
  "standard_init_ms": {
    "mean": 124.91240849485621,
    "median": 125.4592085024342,
    "min": 117.37629200797528,
    "max": 137.46837503276765,
    "n": 10
  },
  "fork_init_ms": {
    "mean_ms": 1.2289641227107495,
    "median_ms": 1.2056879932060838,
    "min_ms": 1.0868340032175183,
    "max_ms": 2.037166035734117,
    "n": 100
  },
  "speedup_vs_standard": 104.05611502261175,
  "meta": {
    "timestamp": "20260519_050457",
    "commit": "70f55e3",
    "machine": "arm64 (Darwin 25.3.0)",
    "python": "3.14.5 (main, May 10 2026, 19:20:57) [Clang 22.1.3 ]"
  }
}