{
  "timestamp": "20260519_041145",
  "commit": "70f55e3",
  "total_subprocess_ms": {
    "min": 116.21054192073643,
    "median": 125.91322942171246,
    "mean": 125.34817097475754,
    "max": 134.19866701588035,
    "stdev": 5.222333429177311,
    "n": 10
  },
  "phases": {
    "stdlib_imports": {
      "mean_ms": 1.9911833223886788,
      "median_ms": 2.013729070313275
    },
    "import__config": {
      "mean_ms": 17.684233200270683,
      "median_ms": 17.46572949923575
    },
    "find_lib": {
      "mean_ms": 0.018883321899920702,
      "median_ms": 0.01775001874193549
    },
    "load_library": {
      "mean_ms": 9.448966500349343,
      "median_ms": 9.379333059769124
    },
    "init_stata_main": {
      "mean_ms": 76.75323341973126,
      "median_ms": 73.6397915170528
    },
    "get_output": {
      "mean_ms": 0.016666785813868046,
      "median_ms": 0.016833480913192034
    },
    "sfi_version_query": {
      "mean_ms": 0.026029208675026894,
      "median_ms": 0.02397899515926838
    }
  },
  "machine": "arm64",
  "python": "3.14.5 (main, May 10 2026, 19:20:57) [Clang 22.1.3 ]"
}