{
  "timestamp": "20260519_043327",
  "commit": "035c99b",
  "total_subprocess_ms": {
    "min": 92.62170793954283,
    "median": 107.77200001757592,
    "mean": 109.34532091487199,
    "max": 130.32745895907283,
    "stdev": 10.771132461485864,
    "n": 10
  },
  "phases": {
    "stdlib_imports": {
      "mean_ms": 1.980999996885657,
      "median_ms": 1.975229533854872
    },
    "import__config": {
      "mean_ms": 0.39266240783035755,
      "median_ms": 0.38752052932977676
    },
    "find_lib": {
      "mean_ms": 0.01675839303061366,
      "median_ms": 0.016208505257964134
    },
    "load_library": {
      "mean_ms": 9.339566493872553,
      "median_ms": 9.274812473449856
    },
    "init_stata_main": {
      "mean_ms": 78.57245000777766,
      "median_ms": 77.97664601821452
    },
    "get_output": {
      "mean_ms": 0.01754172844812274,
      "median_ms": 0.018396065570414066
    },
    "sfi_version_query": {
      "mean_ms": 0.02719589974731207,
      "median_ms": 0.02929195761680603
    }
  },
  "machine": "arm64",
  "python": "3.14.5 (main, May 10 2026, 19:20:57) [Clang 22.1.3 ]"
}