{
  "timestamp": "20260519_042443",
  "commit": "70f55e3",
  "total_subprocess_ms": {
    "min": 28.732959064655006,
    "median": 29.048958444036543,
    "mean": 29.087841790169477,
    "max": 29.447541921399534,
    "stdev": 0.23894111295311568,
    "n": 10
  },
  "phases": {
    "stdlib_imports": {
      "mean_ms": 2.019441593438387,
      "median_ms": 2.0055415225215256
    },
    "import__config": {
      "mean_ms": 0.3985250019468367,
      "median_ms": 0.3973335842601955
    },
    "find_lib": {
      "mean_ms": 0.017041608225554228,
      "median_ms": 0.017062469851225615
    },
    "load_library": {
      "mean_ms": 10.460795904509723,
      "median_ms": 9.559229481965303
    },
    "init_stata_main": {
      "mean_ms": 85.88533350266516,
      "median_ms": 84.62908351793885
    },
    "get_output": {
      "mean_ms": 0.0011250842362642288,
      "median_ms": 0.0013334793038666248
    },
    "sfi_version_query": {
      "mean_ms": 0.02540422137826681,
      "median_ms": 0.02866645809262991
    }
  },
  "machine": "arm64",
  "python": "3.14.5 (main, May 10 2026, 19:20:57) [Clang 22.1.3 ]"
}