{
  "timestamp": "20260519_041739",
  "commit": "70f55e3",
  "total_subprocess_ms": {
    "min": 106.49866703897715,
    "median": 124.93868742603809,
    "mean": 124.86114997882396,
    "max": 147.32158300466835,
    "stdev": 12.186936063264513,
    "n": 10
  },
  "phases": {
    "stdlib_imports": {
      "mean_ms": 1.9669542787596586,
      "median_ms": 1.9459374598227441
    },
    "import__config": {
      "mean_ms": 4.747195809613913,
      "median_ms": 4.7186664887703955
    },
    "find_lib": {
      "mean_ms": 0.018104095943272114,
      "median_ms": 0.017687503714114428
    },
    "load_library": {
      "mean_ms": 9.453012607991695,
      "median_ms": 9.411250008270144
    },
    "init_stata_main": {
      "mean_ms": 86.06085403589532,
      "median_ms": 84.33475001947954
    },
    "get_output": {
      "mean_ms": 0.023012387100607157,
      "median_ms": 0.021312502212822437
    },
    "sfi_version_query": {
      "mean_ms": 0.024683319497853518,
      "median_ms": 0.026042049285024405
    }
  },
  "machine": "arm64",
  "python": "3.14.5 (main, May 10 2026, 19:20:57) [Clang 22.1.3 ]"
}