{
  "cold_init_ms": {
    "min": 63.53445805143565,
    "median": 68.48702096613124,
    "mean": 69.11814588820562,
    "max": 74.37754096463323,
    "n": 10,
    "stdev": 4.118116169496976
  },
  "exec_latency_us": {
    "mean_us": 2.316898899152875,
    "median_us": 2.2919848561286926,
    "stdev_us": 0.12508230600022435,
    "min_us": 2.2079329937696457,
    "max_us": 4.375004209578037,
    "n": 1000,
    "ops": 431611.40970183414
  },
  "speedup_vs_baseline": 16.07080455099553,
  "meta": {
    "timestamp": "20260519_093702",
    "commit": "752e7ab",
    "machine": "arm64 (Darwin 25.3.0)",
    "python": "3.14.5 (main, May 10 2026, 19:20:57) [Clang 22.1.3 ]",
    "stata_root": "/Applications/StataNow"
  }
}