{
  "cold_init_ms": {
    "min": 142.5694169010967,
    "median": 162.47243754332885,
    "mean": 159.15487926686183,
    "max": 175.86320801638067,
    "n": 10,
    "stdev": 12.434417386828077
  },
  "exec_latency_us": {
    "mean_us": 2.300482476130128,
    "median_us": 2.2919848561286926,
    "stdev_us": 0.102604997593528,
    "min_us": 2.1669548004865646,
    "max_us": 4.332978278398514,
    "n": 1000,
    "ops": 434691.422506378
  },
  "speedup_vs_baseline": 16.07080455099553,
  "meta": {
    "timestamp": "20260519_050036",
    "commit": "70f55e3",
    "machine": "arm64 (Darwin 25.3.0)",
    "python": "3.14.5 (main, May 10 2026, 19:20:57) [Clang 22.1.3 ]",
    "stata_root": "/Applications/StataNow"
  }
}