{
  "cold_init_ms": {
    "min": 116.0903749987483,
    "median": 124.25562500720844,
    "mean": 131.54002928640693,
    "max": 161.98766697198153,
    "n": 10
  },
  "exec_latency_us": {
    "mean_us": 4.243392439093441,
    "median_us": 5.334033630788326,
    "stdev_us": 2.182932185329307,
    "min_us": 2.2080494090914726,
    "max_us": 38.792029954493046,
    "n": 2000,
    "ops": 235660.5037957885
  },
  "batch_us": {
    "mean_us": 8.700755424797535,
    "median_us": 8.541974239051342,
    "n": 100,
    "ops": 114932.54909222665
  },
  "output_drain_us": {
    "mean_us": 1.0498969350010157,
    "median_us": 0.8330680429935455,
    "n": 2000
  },
  "speedup_vs_baseline": 6.9054758942796655,
  "meta": {
    "timestamp": "20260519_050304",
    "commit": "70f55e3",
    "machine": "arm64 (Darwin 25.3.0)",
    "python": "3.14.5 (main, May 10 2026, 19:20:57) [Clang 22.1.3 ]",
    "stata_root": "/Applications/StataNow",
    "edition": "se"
  }
}